{"cameraMode":{"drawMode":0,"name":"Shaded","section":"Shading Mode"},"sceneLighting":false,"audioPlay":false,"sceneViewState":{"m_AlwaysRefresh":false,"showFog":true,"showSkybox":false,"showFlares":true,"showImageEffects":true,"showParticleSystems":true,"showVisualEffectGraphs":true,"m_FxEnabled":true},"in2DMode":false,"pivot":{"x":13.183650016784668,"y":-11.216727256774903,"z":44.5781364440918},"rotation":{"x":0.10000069439411164,"y":0.3710666000843048,"z":-0.040231723338365558,"w":0.9223294258117676},"size":43.605342864990237,"orthographic":false}